out_name,frequency,units,long_name,standard_name,priority,comment,cell_methods,cell_measures,dimensions,type,positive,valid_min,valid_max,ok_min_mean_abs,ok_max_mean_abs
tas,mon,K,Near-Surface Air Temperature,air_temperature,CORE,,area: time: mean,area: areacella,longitude latitude time height2m,real,,,,,
tas,day,K,Near-Surface Air Temperature,air_temperature,CORE,,area: time: mean,area: areacella,longitude latitude time height2m,real,,,,,
tas,1hr,K,Near-Surface Air Temperature,air_temperature,CORE,,area: mean time: point,area: areacella,longitude latitude time1 height2m,real,,,,,
tasmax,mon,K,Daily Maximum Near-Surface Air Temperature,air_temperature,CORE,maximum from all integrated time steps per day,area: mean time: maximum within days time: mean over days,area: areacella,longitude latitude time height2m,real,,,,,
tasmax,day,K,Daily Maximum Near-Surface Air Temperature,air_temperature,CORE,maximum from all integrated time steps per day,area: mean time: maximum,area: areacella,longitude latitude time height2m,real,,,,,
tasmin,mon,K,Daily Minimum Near-Surface Air Temperature,air_temperature,CORE,minimum from all integrated time steps per day,area: mean time: minimum within days time: mean over days,area: areacella,longitude latitude time height2m,real,,,,,
tasmin,day,K,Daily Minimum Near-Surface Air Temperature,air_temperature,CORE,minimum from all integrated time steps per day,area: mean time: minimum,area: areacella,longitude latitude time height2m,real,,,,,
pr,mon,kg m-2 s-1,Precipitation,precipitation_flux,CORE,,area: time: mean,area: areacella,longitude latitude time,real,,,,,
pr,day,kg m-2 s-1,Precipitation,precipitation_flux,CORE,,area: time: mean,area: areacella,longitude latitude time,real,,,,,
pr,1hr,kg m-2 s-1,Precipitation,precipitation_flux,CORE,,area: time: mean,area: areacella,longitude latitude time,real,,,,,
evspsbl,mon,kg m-2 s-1,Evaporation Including Sublimation and Transpiration,water_evapotranspiration_flux,CORE,,area: time: mean,area: areacella,longitude latitude time,real,,,,,
evspsbl,day,kg m-2 s-1,Evaporation Including Sublimation and Transpiration,water_evapotranspiration_flux,CORE,,area: time: mean,area: areacella,longitude latitude time,real,,,,,
evspsbl,1hr,kg m-2 s-1,Evaporation Including Sublimation and Transpiration,water_evapotranspiration_flux,CORE,,area: time: mean,area: areacella,longitude latitude time,real,,,,,
huss,mon,1,Near-Surface Specific Humidity,specific_humidity,CORE,,area: time: mean,area: areacella,longitude latitude time height2m,real,,,,,
huss,day,1,Near-Surface Specific Humidity,specific_humidity,CORE,,area: time: mean,area: areacella,longitude latitude time height2m,real,,,,,
huss,1hr,1,Near-Surface Specific Humidity,specific_humidity,CORE,,area: mean time: point,area: areacella,longitude latitude time1 height2m,real,,,,,
hurs,mon,%,Near-Surface Relative Humidity,relative_humidity,CORE,,area: time: mean,area: areacella,longitude latitude time height2m,real,,,,,
hurs,day,%,Near-Surface Relative Humidity,relative_humidity,CORE,,area: time: mean,area: areacella,longitude latitude time height2m,real,,,,,
hurs,1hr,%,Near-Surface Relative Humidity,relative_humidity,CORE,,area: mean time: point,area: areacella,longitude latitude time1 height2m,real,,,,,
ps,mon,Pa,Surface Air Pressure,surface_air_pressure,CORE,,area: time: mean,area: areacella,longitude latitude time,real,,,,,
ps,day,Pa,Surface Air Pressure,surface_air_pressure,CORE,,area: time: mean,area: areacella,longitude latitude time,real,,,,,
ps,1hr,Pa,Surface Air Pressure,surface_air_pressure,CORE,,area: mean time: point,area: areacella,longitude latitude time1,real,,,,,
psl,mon,Pa,Sea Level Pressure,air_pressure_at_mean_sea_level,CORE,,area: time: mean,area: areacella,longitude latitude time,real,,,,,
psl,day,Pa,Sea Level Pressure,air_pressure_at_mean_sea_level,CORE,,area: time: mean,area: areacella,longitude latitude time,real,,,,,
psl,1hr,Pa,Sea Level Pressure,air_pressure_at_mean_sea_level,CORE,,area: mean time: point,area: areacella,longitude latitude time1,real,,,,,
sfcWind,mon,m s-1,Near-Surface Wind Speed,wind_speed,CORE,,area: time: mean,area: areacella,longitude latitude time height10m,real,,,,,
sfcWind,day,m s-1,Near-Surface Wind Speed,wind_speed,CORE,,area: time: mean,area: areacella,longitude latitude time height10m,real,,,,,
sfcWind,1hr,m s-1,Near-Surface Wind Speed,wind_speed,CORE,,area: mean time: point,area: areacella,longitude latitude time1 height10m,real,,,,,
uas,mon,m s-1,Eastward Near-Surface Wind,eastward_wind,CORE,,area: time: mean,area: areacella,longitude latitude time height10m,real,,,,,
uas,day,m s-1,Eastward Near-Surface Wind,eastward_wind,CORE,,area: time: mean,area: areacella,longitude latitude time height10m,real,,,,,
uas,1hr,m s-1,Eastward Near-Surface Wind,eastward_wind,CORE,,area: mean time: point,area: areacella,longitude latitude time1 height10m,real,,,,,
vas,mon,m s-1,Northward Near-Surface Wind,northward_wind,CORE,,area: time: mean,area: areacella,longitude latitude time height10m,real,,,,,
vas,day,m s-1,Northward Near-Surface Wind,northward_wind,CORE,,area: time: mean,area: areacella,longitude latitude time height10m,real,,,,,
vas,1hr,m s-1,Northward Near-Surface Wind,northward_wind,CORE,,area: mean time: point,area: areacella,longitude latitude time1 height10m,real,,,,,
clt,mon,%,Total Cloud Cover Percentage,cloud_area_fraction,CORE,,area: time: mean,area: areacella,longitude latitude time,real,,,,,
clt,day,%,Total Cloud Cover Percentage,cloud_area_fraction,CORE,,area: time: mean,area: areacella,longitude latitude time,real,,,,,
clt,1hr,%,Total Cloud Cover Percentage,cloud_area_fraction,CORE,,area: time: mean,area: areacella,longitude latitude time,real,,,,,
rsds,mon,W m-2,Surface Downwelling Shortwave Radiation,surface_downwelling_shortwave_flux_in_air,CORE,,area: time: mean,area: areacella,longitude latitude time,real,down,,,,
rsds,day,W m-2,Surface Downwelling Shortwave Radiation,surface_downwelling_shortwave_flux_in_air,CORE,,area: time: mean,area: areacella,longitude latitude time,real,down,,,,
rsds,1hr,W m-2,Surface Downwelling Shortwave Radiation,surface_downwelling_shortwave_flux_in_air,CORE,,area: time: mean,area: areacella,longitude latitude time,real,down,,,,
rlds,mon,W m-2,Surface Downwelling Longwave Radiation,surface_downwelling_longwave_flux_in_air,CORE,,area: time: mean,area: areacella,longitude latitude time,real,down,,,,
rlds,day,W m-2,Surface Downwelling Longwave Radiation,surface_downwelling_longwave_flux_in_air,CORE,,area: time: mean,area: areacella,longitude latitude time,real,down,,,,
rlds,1hr,W m-2,Surface Downwelling Longwave Radiation,surface_downwelling_longwave_flux_in_air,CORE,,area: time: mean,area: areacella,longitude latitude time,real,down,,,,
orog,fx,m,Surface Altitude,surface_altitude,CORE,,area: mean,area: areacella,longitude latitude,real,,,,,
sftlf,fx,%,Percentage of the Grid Cell Occupied by Land,land_area_fraction,CORE,,area: mean,area: areacella,longitude latitude,real,,,,,
ts,mon,K,Surface Temperature,surface_temperature,TIER1,,area: time: mean,area: areacella,longitude latitude time,real,,,,,
ts,day,K,Surface Temperature,surface_temperature,TIER1,,area: time: mean,area: areacella,longitude latitude time,real,,,,,
ts,1hr,K,Surface Temperature,surface_temperature,TIER1,,area: mean time: point,area: areacella,longitude latitude time1,real,,,,,
tsl,mon,K,Temperature of Soil,soil_temperature,TIER1,Temperature of each soil layer (3D variable). Reported as missing for grid cells with no land.,area: mean where land time: mean,area: areacella,longitude latitude sdepth time,real,,,,,
tsl,day,K,Temperature of Soil,soil_temperature,TIER1,Temperature of each soil layer (3D variable). Reported as missing for grid cells with no land.,area: mean where land time: mean,area: areacella,longitude latitude sdepth time,real,,,,,
tsl,6hr,K,Temperature of Soil,soil_temperature,TIER1,Temperature of each soil layer (3D variable). Reported as missing for grid cells with no land.,area: mean where land time: point,area: areacella,longitude latitude sdepth time1,real,,,,,
prc,mon,kg m-2 s-1,Convective Precipitation,convective_precipitation_flux,TIER1,,area: time: mean,area: areacella,longitude latitude time,real,,,,,
prc,day,kg m-2 s-1,Convective Precipitation,convective_precipitation_flux,TIER1,,area: time: mean,area: areacella,longitude latitude time,real,,,,,
prc,1hr,kg m-2 s-1,Convective Precipitation,convective_precipitation_flux,TIER1,,area: time: mean,area: areacella,longitude latitude time,real,,,,,
prhmax,mon,kg m-2 s-1,Daily Maximum Hourly Precipitation Rate,precipitation_flux,TIER1,Defined as maximum of the precipitation rate averaged over the whole hour.,area: mean time: mean within hours time: maximum over hours,area: areacella,longitude latitude time,real,,,,,
prhmax,day,kg m-2 s-1,Daily Maximum Hourly Precipitation Rate,precipitation_flux,TIER1,Defined as maximum of the precipitation rate averaged over the whole hour.,area: mean time: mean within hours time: maximum over hours,area: areacella,longitude latitude time,real,,,,,
prsn,mon,kg m-2 s-1,Snowfall Flux,snowfall_flux,TIER1,,area: time: mean,area: areacella,longitude latitude time,real,,,,,
prsn,day,kg m-2 s-1,Snowfall Flux,snowfall_flux,TIER1,,area: time: mean,area: areacella,longitude latitude time,real,,,,,
prsn,1hr,kg m-2 s-1,Snowfall Flux,snowfall_flux,TIER1,,area: time: mean,area: areacella,longitude latitude time,real,,,,,
mrros,mon,kg m-2 s-1,Surface Runoff,surface_runoff_flux,TIER1,,area: mean where land time: mean,area: areacella,longitude latitude time,real,,,,,
mrros,day,kg m-2 s-1,Surface Runoff,surface_runoff_flux,TIER1,,area: mean where land time: mean,area: areacella,longitude latitude time,real,,,,,
mrros,6hr,kg m-2 s-1,Surface Runoff,surface_runoff_flux,TIER1,,area: mean where land time: mean,area: areacella,longitude latitude time,real,,,,,
mrro,mon,kg m-2 s-1,Total Runoff,runoff_flux,TIER1,,area: mean where land time: mean,area: areacella,longitude latitude time,real,,,,,
mrro,day,kg m-2 s-1,Total Runoff,runoff_flux,TIER1,,area: mean where land time: mean,area: areacella,longitude latitude time,real,,,,,
mrro,6hr,kg m-2 s-1,Total Runoff,runoff_flux,TIER1,,area: mean where land time: mean,area: areacella,longitude latitude time,real,,,,,
snm,mon,kg m-2 s-1,Surface Snow Melt,surface_snow_melt_flux,TIER1,,area: mean where land time: mean,area: areacella,longitude latitude time,real,,,,,
snm,day,kg m-2 s-1,Surface Snow Melt,surface_snow_melt_flux,TIER1,,area: mean where land time: mean,area: areacella,longitude latitude time,real,,,,,
snm,6hr,kg m-2 s-1,Surface Snow Melt,surface_snow_melt_flux,TIER1,,area: mean where land time: mean,area: areacella,longitude latitude time,real,,,,,
tauu,mon,Pa,Surface Downward Eastward Wind Stress,surface_downward_eastward_stress,TIER1,,area: time: mean,area: areacella,longitude latitude time,real,,,,,
tauu,day,Pa,Surface Downward Eastward Wind Stress,surface_downward_eastward_stress,TIER1,,area: time: mean,area: areacella,longitude latitude time,real,,,,,
tauu,1hr,Pa,Surface Downward Eastward Wind Stress,surface_downward_eastward_stress,TIER1,,area: time: mean,area: areacella,longitude latitude time,real,,,,,
tauv,mon,Pa,Surface Downward Northward Wind Stress,surface_downward_northward_stress,TIER1,,area: time: mean,area: areacella,longitude latitude time,real,,,,,
tauv,day,Pa,Surface Downward Northward Wind Stress,surface_downward_northward_stress,TIER1,,area: time: mean,area: areacella,longitude latitude time,real,,,,,
tauv,1hr,Pa,Surface Downward Northward Wind Stress,surface_downward_northward_stress,TIER1,,area: time: mean,area: areacella,longitude latitude time,real,,,,,
sfcWindmax,mon,m s-1,Daily Maximum Near-Surface Wind Speed,wind_speed,TIER1,Maximum from all integrated time steps per day,area: mean time: maximum within days time: mean over days,area: areacella,longitude latitude time height10m,real,,,,,
sfcWindmax,day,m s-1,Daily Maximum Near-Surface Wind Speed,wind_speed,TIER1,Maximum from all integrated time steps per day,area: mean time: maximum,area: areacella,longitude latitude time height10m,real,,,,,
sund,mon,s,Daily Duration of Sunshine,duration_of_sunshine,TIER1,"The WMO definition of sunshine is that the surface incident radiative flux from the solar beam (i.e. excluding diffuse skylight) exceeds 120 W m-2. ""Duration"" is the length of time for which a condition holds.",time: sum within days time: mean over days,area: areacella,longitude latitude time,real,,,,,
sund,day,s,Daily Duration of Sunshine,duration_of_sunshine,TIER1,"The WMO definition of sunshine is that the surface incident radiative flux from the solar beam (i.e. excluding diffuse skylight) exceeds 120 W m-2. ""Duration"" is the length of time for which a condition holds.",time: sum,area: areacella,longitude latitude time,real,,,,,
rsdsdir,mon,W m-2,Surface Direct Downwelling Shortwave Radiation,surface_direct_downwelling_shortwave_flux_in_air,TIER1,,area: time: mean,area: areacella,longitude latitude time,real,down,,,,
rsdsdir,day,W m-2,Surface Direct Downwelling Shortwave Radiation,surface_direct_downwelling_shortwave_flux_in_air,TIER1,,area: time: mean,area: areacella,longitude latitude time,real,down,,,,
rsdsdir,1hr,W m-2,Surface Direct Downwelling Shortwave Radiation,surface_direct_downwelling_shortwave_flux_in_air,TIER1,,area: time: mean,area: areacella,longitude latitude time,real,down,,,,
rsus,mon,W m-2,Surface Upwelling Shortwave Radiation,surface_upwelling_shortwave_flux_in_air,TIER1,,area: time: mean,area: areacella,longitude latitude time,real,up,,,,
rsus,day,W m-2,Surface Upwelling Shortwave Radiation,surface_upwelling_shortwave_flux_in_air,TIER1,,area: time: mean,area: areacella,longitude latitude time,real,up,,,,
rsus,1hr,W m-2,Surface Upwelling Shortwave Radiation,surface_upwelling_shortwave_flux_in_air,TIER1,,area: time: mean,area: areacella,longitude latitude time,real,up,,,,
rlus,mon,W m-2,Surface Upwelling Longwave Radiation,surface_upwelling_longwave_flux_in_air,TIER1,,area: time: mean,area: areacella,longitude latitude time,real,up,,,,
rlus,day,W m-2,Surface Upwelling Longwave Radiation,surface_upwelling_longwave_flux_in_air,TIER1,,area: time: mean,area: areacella,longitude latitude time,real,up,,,,
rlus,1hr,W m-2,Surface Upwelling Longwave Radiation,surface_upwelling_longwave_flux_in_air,TIER1,,area: time: mean,area: areacella,longitude latitude time,real,up,,,,
rlut,mon,W m-2,TOA Outgoing Longwave Radiation,toa_outgoing_longwave_flux,TIER1,,area: time: mean,area: areacella,longitude latitude time,real,,,,,
rlut,day,W m-2,TOA Outgoing Longwave Radiation,toa_outgoing_longwave_flux,TIER1,,area: time: mean,area: areacella,longitude latitude time,real,,,,,
rlut,1hr,W m-2,TOA Outgoing Longwave Radiation,toa_outgoing_longwave_flux,TIER1,,area: time: mean,area: areacella,longitude latitude time,real,,,,,
rsdt,mon,W m-2,TOA Incident Shortwave Radiation,toa_incoming_shortwave_flux,TIER1,,area: time: mean,area: areacella,longitude latitude time,real,,,,,
rsdt,day,W m-2,TOA Incident Shortwave Radiation,toa_incoming_shortwave_flux,TIER1,,area: time: mean,area: areacella,longitude latitude time,real,,,,,
rsdt,1hr,W m-2,TOA Incident Shortwave Radiation,toa_incoming_shortwave_flux,TIER1,,area: time: mean,area: areacella,longitude latitude time,real,,,,,
rsut,mon,W m-2,TOA Outgoing Shortwave Radiation,toa_outgoing_shortwave_flux,TIER1,,area: time: mean,area: areacella,longitude latitude time,real,,,,,
rsut,day,W m-2,TOA Outgoing Shortwave Radiation,toa_outgoing_shortwave_flux,TIER1,,area: time: mean,area: areacella,longitude latitude time,real,,,,,
rsut,1hr,W m-2,TOA Outgoing Shortwave Radiation,toa_outgoing_shortwave_flux,TIER1,,area: time: mean,area: areacella,longitude latitude time,real,,,,,
hfls,mon,W m-2,Surface Upward Latent Heat Flux,surface_upward_latent_heat_flux,TIER1,,area: time: mean,area: areacella,longitude latitude time,real,up,,,,
hfls,day,W m-2,Surface Upward Latent Heat Flux,surface_upward_latent_heat_flux,TIER1,,area: time: mean,area: areacella,longitude latitude time,real,up,,,,
hfls,1hr,W m-2,Surface Upward Latent Heat Flux,surface_upward_latent_heat_flux,TIER1,,area: time: mean,area: areacella,longitude latitude time,real,up,,,,
hfss,mon,W m-2,Surface Upward Sensible Heat Flux,surface_upward_sensible_heat_flux,TIER1,,area: time: mean,area: areacella,longitude latitude time,real,up,,,,
hfss,day,W m-2,Surface Upward Sensible Heat Flux,surface_upward_sensible_heat_flux,TIER1,,area: time: mean,area: areacella,longitude latitude time,real,up,,,,
hfss,1hr,W m-2,Surface Upward Sensible Heat Flux,surface_upward_sensible_heat_flux,TIER1,,area: time: mean,area: areacella,longitude latitude time,real,up,,,,
hfso,mon,W m-2,Surface Downeard Ground Heat Flux,surface_downward_ground_heat_flux,TIER2,area: time: mean,area: areacella,longitude latitude time,real,up,,,,
hfso,day,W m-2,Surface Downeard Ground Heat Flux,surface_downward_ground_heat_flux,TIER2,,area: time: mean,area: areacella,longitude latitude time,real,up,,,,
hfso,1hr,W m-2,Surface Downeard Ground Heat Flux,surface_downward_ground_heat_flux,TIER2,,area: time: mean,area: areacella,longitude latitude time,real,up,,,,
mrfso,mon,kg m-2,Soil Frozen Water Content,soil_frozen_water_content,TIER1,"The mass of frozen water per unit area, summed over all soil layers. Reported as missing for grid cells with no land.",area: mean where land time: mean,area: areacella,longitude latitude time,real,,,,,
mrfso,day,kg m-2,Soil Frozen Water Content,soil_frozen_water_content,TIER1,"The mass of frozen water per unit area, summed over all soil layers. Reported as missing for grid cells with no land.",area: mean where land time: mean,area: areacella,longitude latitude time,real,,,,,
mrfso,6hr,kg m-2,Soil Frozen Water Content,soil_frozen_water_content,TIER1,"The mass of frozen water per unit area, summed over all soil layers. Reported as missing for grid cells with no land.",area: mean where land time: point,area: areacella,longitude latitude time1,real,,,,,
mrfsos,mon,kg m-2,Frozen Water Content in Upper Portion of Soil Column,frozen_water_content_of_soil_layer,TIER1,The mass of frosen water  in the upper 10cm of the soil layer. Reported as missing for grid cells with no land. (not in CMIP),area: time: mean,area: areacella,longitude latitude time,real,,,,,
mrfsos,day,kg m-2,Frozen Water Content in Upper Portion of Soil Column,frozen_water_content_of_soil_layer,TIER1,The mass of frosen water  in the upper 10cm of the soil layer. Reported as missing for grid cells with no land. (not in CMIP),area: time: mean,area: areacella,longitude latitude time,real,,,,,
mrfsos,1hr,kg m-2,Frozen Water Content in Upper Portion of Soil Column,frozen_water_content_of_soil_layer,TIER1,The mass of frosen water  in the upper 10cm of the soil layer. Reported as missing for grid cells with no land. (not in CMIP),area: mean time: point,area: areacella,longitude latitude time1,real,,,,,
mrsfl,mon,kg m-2,Frozen Water Content of Soil Layer,frozen_water_content_of_soil_layer,TIER1,"The mass of frosen water in each soil layer (3D variable). Reported as missing for grid cells with no land. (not in CMIP) [mrfsol -> mrsfl, 2022.09.22, https://github.com/WCRP-CORDEX/cordex-cmip6-data-request/issues/2 ]",area: mean where land time: mean,area: areacella,longitude latitude sdepth time,real,,,,,
mrsfl,day,kg m-2,Frozen Water Content of Soil Layer,frozen_water_content_of_soil_layer,TIER1,"The mass of frosen water in each soil layer (3D variable). Reported as missing for grid cells with no land. (not in CMIP) [mrfsol -> mrsfl, 2022.09.22, https://github.com/WCRP-CORDEX/cordex-cmip6-data-request/issues/2 ]",area: mean where land time: mean,area: areacella,longitude latitude sdepth time,real,,,,,
mrsfl,6hr,kg m-2,Frozen Water Content of Soil Layer,frozen_water_content_of_soil_layer,TIER1,"The mass of frosen water in each soil layer (3D variable). Reported as missing for grid cells with no land. (not in CMIP) [mrfsol -> mrsfl, 2022.09.22, https://github.com/WCRP-CORDEX/cordex-cmip6-data-request/issues/2 ]",area: mean where land time: point,area: areacella,longitude latitude sdepth time1,real,,,,,
mrso,mon,kg m-2,Total Soil Moisture Content,mass_content_of_water_in_soil,TIER1,"The mass of water in all phases per unit area, summed over all soil layers.",area: mean where land time: mean,area: areacella,longitude latitude time,real,,,,,
mrso,day,kg m-2,Total Soil Moisture Content,mass_content_of_water_in_soil,TIER1,"The mass of water in all phases per unit area, summed over all soil layers.",area: mean where land time: mean,area: areacella,longitude latitude time,real,,,,,
mrso,6hr,kg m-2,Total Soil Moisture Content,mass_content_of_water_in_soil,TIER1,"The mass of water in all phases per unit area, summed over all soil layers.",area: mean where land time: point,area: areacella,longitude latitude time1,real,,,,,
mrsos,mon,kg m-2,Moisture in Upper Portion of Soil Column,mass_content_of_water_in_soil_layer,TIER1,The mass of water in all phases in the upper 10cm of the soil layer. Reported as missing for grid cells with no land.,area: mean where land time: mean,area: areacella,longitude latitude time,real,,,,,
mrsos,day,kg m-2,Moisture in Upper Portion of Soil Column,mass_content_of_water_in_soil_layer,TIER1,The mass of water in all phases in the upper 10cm of the soil layer. Reported as missing for grid cells with no land.,area: mean where land time: mean,area: areacella,longitude latitude time,real,,,,,
mrsos,1hr,kg m-2,Moisture in Upper Portion of Soil Column,mass_content_of_water_in_soil_layer,TIER1,The mass of water in all phases in the upper 10cm of the soil layer. Reported as missing for grid cells with no land.,area: mean where land time: point,area: areacella,longitude latitude time1,real,,,,,
mrsol,mon,kg m-2,Total Water Content of Soil Layer,mass_content_of_water_in_soil_layer,TIER1,The mass of water in all phases in each soil layer (3D variable). Reported as missing for grid cells with no land.,area: mean where land time: mean,area: areacella,longitude latitude sdepth time,real,,,,,
mrsol,day,kg m-2,Total Water Content of Soil Layer,mass_content_of_water_in_soil_layer,TIER1,The mass of water in all phases in each soil layer (3D variable). Reported as missing for grid cells with no land.,area: mean where land time: mean,area: areacella,longitude latitude sdepth time,real,,,,,
mrsol,6hr,kg m-2,Total Water Content of Soil Layer,mass_content_of_water_in_soil_layer,TIER1,The mass of water in all phases in each soil layer (3D variable). Reported as missing for grid cells with no land.,area: mean where land time: point,area: areacella,longitude latitude sdepth time1,real,,,,,
snw,mon,kg m-2,Surface Snow Amount,surface_snow_amount,TIER1,,area: mean where land time: mean,area: areacella,longitude latitude time,real,,,,,
snw,day,kg m-2,Surface Snow Amount,surface_snow_amount,TIER1,,area: mean where land time: mean,area: areacella,longitude latitude time,real,,,,,
snw,6hr,kg m-2,Surface Snow Amount,surface_snow_amount,TIER1,,area: mean where land time: point,area: areacella,longitude latitude time1,real,,,,,
snc,mon,%,Snow Area Percentage,surface_snow_area_fraction,TIER1,,area: time: mean,area: areacella,longitude latitude time,real,,,,,
snc,day,%,Snow Area Percentage,surface_snow_area_fraction,TIER1,,area: time: mean,area: areacella,longitude latitude time,real,,,,,
snc,6hr,%,Snow Area Percentage,surface_snow_area_fraction,TIER1,,area: mean time: point,area: areacella,longitude latitude time1,real,,,,,
snd,mon,m,Snow Depth,surface_snow_thickness,TIER1,,area: mean where land time: mean,area: areacella,longitude latitude time,real,,,,,
snd,day,m,Snow Depth,surface_snow_thickness,TIER1,,area: mean where land time: mean,area: areacella,longitude latitude time,real,,,,,
snd,6hr,m,Snow Depth,surface_snow_thickness,TIER1,,area: mean where land time: point,area: areacella,longitude latitude time1,real,,,,,
siconca,mon,%,Sea-Ice Area Percentage (Atmospheric Grid),sea_ice_area_fraction,TIER1,daily and monthly means,area: time: mean,area: areacella,longitude latitude time,real,,,,,
siconca,day,%,Sea-Ice Area Percentage (Atmospheric Grid),sea_ice_area_fraction,TIER1,daily and monthly means,area: time: mean,area: areacella,longitude latitude time,real,,,,,
zmla,mon,m,Height of Boundary Layer,atmosphere_boundary_layer_thickness,TIER1,,area: time: mean,area: areacella,longitude latitude time,real,,,,,
zmla,day,m,Height of Boundary Layer,atmosphere_boundary_layer_thickness,TIER1,,area: time: mean,area: areacella,longitude latitude time,real,,,,,
zmla,1hr,m,Height of Boundary Layer,atmosphere_boundary_layer_thickness,TIER1,,area: mean time: point,area: areacella,longitude latitude time1,real,,,,,
prw,mon,kg m-2,Water Vapor Path,atmosphere_mass_content_of_water_vapor,TIER1,,area: time: mean,area: areacella,longitude latitude time,real,,,,,
prw,day,kg m-2,Water Vapor Path,atmosphere_mass_content_of_water_vapor,TIER1,,area: time: mean,area: areacella,longitude latitude time,real,,,,,
prw,1hr,kg m-2,Water Vapor Path,atmosphere_mass_content_of_water_vapor,TIER1,,area: mean time: point,area: areacella,longitude latitude time1,real,,,,,
clwvi,mon,kg m-2,Condensed Water Path,atmosphere_mass_content_of_cloud_condensed_water,TIER1,,area: time: mean,area: areacella,longitude latitude time,real,,,,,
clwvi,day,kg m-2,Condensed Water Path,atmosphere_mass_content_of_cloud_condensed_water,TIER1,,area: time: mean,area: areacella,longitude latitude time,real,,,,,
clwvi,1hr,kg m-2,Condensed Water Path,atmosphere_mass_content_of_cloud_condensed_water,TIER1,,area: mean time: point,area: areacella,longitude latitude time1,real,,,,,
clivi,mon,kg m-2,Ice Water Path,atmosphere_mass_content_of_cloud_ice,TIER1,,area: time: mean,area: areacella,longitude latitude time,real,,,,,
clivi,day,kg m-2,Ice Water Path,atmosphere_mass_content_of_cloud_ice,TIER1,,area: time: mean,area: areacella,longitude latitude time,real,,,,,
clivi,1hr,kg m-2,Ice Water Path,atmosphere_mass_content_of_cloud_ice,TIER1,,area: mean time: point,area: areacella,longitude latitude time1,real,,,,,
ua1000,mon,m s-1,Eastward Wind,eastward_wind,TIER1,,area: time: mean,area: areacella,longitude latitude time p1000,real,,,,,
ua1000,day,m s-1,Eastward Wind,eastward_wind,TIER1,,area: time: mean,area: areacella,longitude latitude time p1000,real,,,,,
ua1000,6hr,m s-1,Eastward Wind,eastward_wind,TIER1,,area: mean time: point,area: areacella,longitude latitude time1 p1000,real,,,,,
ua925,mon,m s-1,Eastward Wind,eastward_wind,TIER1,,area: time: mean,area: areacella,longitude latitude time p925,real,,,,,
ua925,day,m s-1,Eastward Wind,eastward_wind,TIER1,,area: time: mean,area: areacella,longitude latitude time p925,real,,,,,
ua925,6hr,m s-1,Eastward Wind,eastward_wind,TIER1,,area: mean time: point,area: areacella,longitude latitude time1 p925,real,,,,,
ua850,mon,m s-1,Eastward Wind,eastward_wind,TIER1,,area: time: mean,area: areacella,longitude latitude time p850,real,,,,,
ua850,day,m s-1,Eastward Wind,eastward_wind,TIER1,,area: time: mean,area: areacella,longitude latitude time p850,real,,,,,
ua850,6hr,m s-1,Eastward Wind,eastward_wind,TIER1,,area: mean time: point,area: areacella,longitude latitude time1 p850,real,,,,,
ua700,mon,m s-1,Eastward Wind,eastward_wind,TIER1,,area: time: mean,area: areacella,longitude latitude time p700,real,,,,,
ua700,day,m s-1,Eastward Wind,eastward_wind,TIER1,,area: time: mean,area: areacella,longitude latitude time p700,real,,,,,
ua700,6hr,m s-1,Eastward Wind,eastward_wind,TIER1,,area: mean time: point,area: areacella,longitude latitude time1 p700,real,,,,,
ua600,mon,m s-1,Eastward Wind,eastward_wind,TIER1,,area: time: mean,area: areacella,longitude latitude time p600,real,,,,,
ua600,day,m s-1,Eastward Wind,eastward_wind,TIER1,,area: time: mean,area: areacella,longitude latitude time p600,real,,,,,
ua600,6hr,m s-1,Eastward Wind,eastward_wind,TIER1,,area: mean time: point,area: areacella,longitude latitude time1 p600,real,,,,,
ua500,mon,m s-1,Eastward Wind,eastward_wind,TIER1,,area: time: mean,area: areacella,longitude latitude time p500,real,,,,,
ua500,day,m s-1,Eastward Wind,eastward_wind,TIER1,,area: time: mean,area: areacella,longitude latitude time p500,real,,,,,
ua500,6hr,m s-1,Eastward Wind,eastward_wind,TIER1,,area: mean time: point,area: areacella,longitude latitude time1 p500,real,,,,,
ua400,mon,m s-1,Eastward Wind,eastward_wind,TIER1,,area: time: mean,area: areacella,longitude latitude time p400,real,,,,,
ua400,day,m s-1,Eastward Wind,eastward_wind,TIER1,,area: time: mean,area: areacella,longitude latitude time p400,real,,,,,
ua400,6hr,m s-1,Eastward Wind,eastward_wind,TIER1,,area: mean time: point,area: areacella,longitude latitude time1 p400,real,,,,,
ua300,mon,m s-1,Eastward Wind,eastward_wind,TIER1,,area: time: mean,area: areacella,longitude latitude time p300,real,,,,,
ua300,day,m s-1,Eastward Wind,eastward_wind,TIER1,,area: time: mean,area: areacella,longitude latitude time p300,real,,,,,
ua300,6hr,m s-1,Eastward Wind,eastward_wind,TIER1,,area: mean time: point,area: areacella,longitude latitude time1 p300,real,,,,,
ua250,mon,m s-1,Eastward Wind,eastward_wind,TIER1,,area: time: mean,area: areacella,longitude latitude time p250,real,,,,,
ua250,day,m s-1,Eastward Wind,eastward_wind,TIER1,,area: time: mean,area: areacella,longitude latitude time p250,real,,,,,
ua250,6hr,m s-1,Eastward Wind,eastward_wind,TIER1,,area: mean time: point,area: areacella,longitude latitude time1 p250,real,,,,,
ua200,mon,m s-1,Eastward Wind,eastward_wind,TIER1,,area: time: mean,area: areacella,longitude latitude time p200,real,,,,,
ua200,day,m s-1,Eastward Wind,eastward_wind,TIER1,,area: time: mean,area: areacella,longitude latitude time p200,real,,,,,
ua200,6hr,m s-1,Eastward Wind,eastward_wind,TIER1,,area: mean time: point,area: areacella,longitude latitude time1 p200,real,,,,,
va1000,mon,m s-1,Northward Wind,northward_wind,TIER1,,area: time: mean,area: areacella,longitude latitude time p1000,real,,,,,
va1000,day,m s-1,Northward Wind,northward_wind,TIER1,,area: time: mean,area: areacella,longitude latitude time p1000,real,,,,,
va1000,6hr,m s-1,Northward Wind,northward_wind,TIER1,,area: mean time: point,area: areacella,longitude latitude time1 p1000,real,,,,,
va925,mon,m s-1,Northward Wind,northward_wind,TIER1,,area: time: mean,area: areacella,longitude latitude time p925,real,,,,,
va925,day,m s-1,Northward Wind,northward_wind,TIER1,,area: time: mean,area: areacella,longitude latitude time p925,real,,,,,
va925,6hr,m s-1,Northward Wind,northward_wind,TIER1,,area: mean time: point,area: areacella,longitude latitude time1 p925,real,,,,,
va850,mon,m s-1,Northward Wind,northward_wind,TIER1,,area: time: mean,area: areacella,longitude latitude time p850,real,,,,,
va850,day,m s-1,Northward Wind,northward_wind,TIER1,,area: time: mean,area: areacella,longitude latitude time p850,real,,,,,
va850,6hr,m s-1,Northward Wind,northward_wind,TIER1,,area: mean time: point,area: areacella,longitude latitude time1 p850,real,,,,,
va700,mon,m s-1,Northward Wind,northward_wind,TIER1,,area: time: mean,area: areacella,longitude latitude time p700,real,,,,,
va700,day,m s-1,Northward Wind,northward_wind,TIER1,,area: time: mean,area: areacella,longitude latitude time p700,real,,,,,
va700,6hr,m s-1,Northward Wind,northward_wind,TIER1,,area: mean time: point,area: areacella,longitude latitude time1 p700,real,,,,,
va600,mon,m s-1,Northward Wind,northward_wind,TIER1,,area: time: mean,area: areacella,longitude latitude time p600,real,,,,,
va600,day,m s-1,Northward Wind,northward_wind,TIER1,,area: time: mean,area: areacella,longitude latitude time p600,real,,,,,
va600,6hr,m s-1,Northward Wind,northward_wind,TIER1,,area: mean time: point,area: areacella,longitude latitude time1 p600,real,,,,,
va500,mon,m s-1,Northward Wind,northward_wind,TIER1,,area: time: mean,area: areacella,longitude latitude time p500,real,,,,,
va500,day,m s-1,Northward Wind,northward_wind,TIER1,,area: time: mean,area: areacella,longitude latitude time p500,real,,,,,
va500,6hr,m s-1,Northward Wind,northward_wind,TIER1,,area: mean time: point,area: areacella,longitude latitude time1 p500,real,,,,,
va400,mon,m s-1,Northward Wind,northward_wind,TIER1,,area: time: mean,area: areacella,longitude latitude time p400,real,,,,,
va400,day,m s-1,Northward Wind,northward_wind,TIER1,,area: time: mean,area: areacella,longitude latitude time p400,real,,,,,
va400,6hr,m s-1,Northward Wind,northward_wind,TIER1,,area: mean time: point,area: areacella,longitude latitude time1 p400,real,,,,,
va300,mon,m s-1,Northward Wind,northward_wind,TIER1,,area: time: mean,area: areacella,longitude latitude time p300,real,,,,,
va300,day,m s-1,Northward Wind,northward_wind,TIER1,,area: time: mean,area: areacella,longitude latitude time p300,real,,,,,
va300,6hr,m s-1,Northward Wind,northward_wind,TIER1,,area: mean time: point,area: areacella,longitude latitude time1 p300,real,,,,,
va250,mon,m s-1,Northward Wind,northward_wind,TIER1,,area: time: mean,area: areacella,longitude latitude time p250,real,,,,,
va250,day,m s-1,Northward Wind,northward_wind,TIER1,,area: time: mean,area: areacella,longitude latitude time p250,real,,,,,
va250,6hr,m s-1,Northward Wind,northward_wind,TIER1,,area: mean time: point,area: areacella,longitude latitude time1 p250,real,,,,,
va200,mon,m s-1,Northward Wind,northward_wind,TIER1,,area: time: mean,area: areacella,longitude latitude time p200,real,,,,,
va200,day,m s-1,Northward Wind,northward_wind,TIER1,,area: time: mean,area: areacella,longitude latitude time p200,real,,,,,
va200,6hr,m s-1,Northward Wind,northward_wind,TIER1,,area: mean time: point,area: areacella,longitude latitude time1 p200,real,,,,,
ta1000,mon,K,Air Temperature,air_temperature,TIER1,,area: time: mean,area: areacella,longitude latitude time p1000,real,,,,,
ta1000,day,K,Air Temperature,air_temperature,TIER1,,area: time: mean,area: areacella,longitude latitude time p1000,real,,,,,
ta1000,6hr,K,Air Temperature,air_temperature,TIER1,,area: mean time: point,area: areacella,longitude latitude time1 p1000,real,,,,,
ta925,mon,K,Air Temperature,air_temperature,TIER1,,area: time: mean,area: areacella,longitude latitude time p925,real,,,,,
ta925,day,K,Air Temperature,air_temperature,TIER1,,area: time: mean,area: areacella,longitude latitude time p925,real,,,,,
ta925,6hr,K,Air Temperature,air_temperature,TIER1,,area: mean time: point,area: areacella,longitude latitude time1 p925,real,,,,,
ta850,mon,K,Air Temperature,air_temperature,TIER1,,area: time: mean,area: areacella,longitude latitude time p850,real,,,,,
ta850,day,K,Air Temperature,air_temperature,TIER1,,area: time: mean,area: areacella,longitude latitude time p850,real,,,,,
ta850,6hr,K,Air Temperature,air_temperature,TIER1,,area: mean time: point,area: areacella,longitude latitude time1 p850,real,,,,,
ta700,mon,K,Air Temperature,air_temperature,TIER1,,area: time: mean,area: areacella,longitude latitude time p700,real,,,,,
ta700,day,K,Air Temperature,air_temperature,TIER1,,area: time: mean,area: areacella,longitude latitude time p700,real,,,,,
ta700,6hr,K,Air Temperature,air_temperature,TIER1,,area: mean time: point,area: areacella,longitude latitude time1 p700,real,,,,,
ta600,mon,K,Air Temperature,air_temperature,TIER1,,area: time: mean,area: areacella,longitude latitude time p600,real,,,,,
ta600,day,K,Air Temperature,air_temperature,TIER1,,area: time: mean,area: areacella,longitude latitude time p600,real,,,,,
ta600,6hr,K,Air Temperature,air_temperature,TIER1,,area: mean time: point,area: areacella,longitude latitude time1 p600,real,,,,,
ta500,mon,K,Air Temperature,air_temperature,TIER1,,area: time: mean,area: areacella,longitude latitude time p500,real,,,,,
ta500,day,K,Air Temperature,air_temperature,TIER1,,area: time: mean,area: areacella,longitude latitude time p500,real,,,,,
ta500,6hr,K,Air Temperature,air_temperature,TIER1,,area: mean time: point,area: areacella,longitude latitude time1 p500,real,,,,,
ta400,mon,K,Air Temperature,air_temperature,TIER1,,area: time: mean,area: areacella,longitude latitude time p400,real,,,,,
ta400,day,K,Air Temperature,air_temperature,TIER1,,area: time: mean,area: areacella,longitude latitude time p400,real,,,,,
ta400,6hr,K,Air Temperature,air_temperature,TIER1,,area: mean time: point,area: areacella,longitude latitude time1 p400,real,,,,,
ta300,mon,K,Air Temperature,air_temperature,TIER1,,area: time: mean,area: areacella,longitude latitude time p300,real,,,,,
ta300,day,K,Air Temperature,air_temperature,TIER1,,area: time: mean,area: areacella,longitude latitude time p300,real,,,,,
ta300,6hr,K,Air Temperature,air_temperature,TIER1,,area: mean time: point,area: areacella,longitude latitude time1 p300,real,,,,,
ta250,mon,K,Air Temperature,air_temperature,TIER1,,area: time: mean,area: areacella,longitude latitude time p250,real,,,,,
ta250,day,K,Air Temperature,air_temperature,TIER1,,area: time: mean,area: areacella,longitude latitude time p250,real,,,,,
ta250,6hr,K,Air Temperature,air_temperature,TIER1,,area: mean time: point,area: areacella,longitude latitude time1 p250,real,,,,,
ta200,mon,K,Air Temperature,air_temperature,TIER1,,area: time: mean,area: areacella,longitude latitude time p200,real,,,,,
ta200,day,K,Air Temperature,air_temperature,TIER1,,area: time: mean,area: areacella,longitude latitude time p200,real,,,,,
ta200,6hr,K,Air Temperature,air_temperature,TIER1,,area: mean time: point,area: areacella,longitude latitude time1 p200,real,,,,,
hus1000,mon,1,Specific Humidity,specific_humidity,TIER1,,area: time: mean,area: areacella,longitude latitude time p1000,real,,,,,
hus1000,day,1,Specific Humidity,specific_humidity,TIER1,,area: time: mean,area: areacella,longitude latitude time p1000,real,,,,,
hus1000,6hr,1,Specific Humidity,specific_humidity,TIER1,,area: mean time: point,area: areacella,longitude latitude time1 p1000,real,,,,,
hus925,mon,1,Specific Humidity,specific_humidity,TIER1,,area: time: mean,area: areacella,longitude latitude time p925,real,,,,,
hus925,day,1,Specific Humidity,specific_humidity,TIER1,,area: time: mean,area: areacella,longitude latitude time p925,real,,,,,
hus925,6hr,1,Specific Humidity,specific_humidity,TIER1,,area: mean time: point,area: areacella,longitude latitude time1 p925,real,,,,,
hus850,mon,1,Specific Humidity,specific_humidity,TIER1,,area: time: mean,area: areacella,longitude latitude time p850,real,,,,,
hus850,day,1,Specific Humidity,specific_humidity,TIER1,,area: time: mean,area: areacella,longitude latitude time p850,real,,,,,
hus850,6hr,1,Specific Humidity,specific_humidity,TIER1,,area: mean time: point,area: areacella,longitude latitude time1 p850,real,,,,,
hus700,mon,1,Specific Humidity,specific_humidity,TIER1,,area: time: mean,area: areacella,longitude latitude time p700,real,,,,,
hus700,day,1,Specific Humidity,specific_humidity,TIER1,,area: time: mean,area: areacella,longitude latitude time p700,real,,,,,
hus700,6hr,1,Specific Humidity,specific_humidity,TIER1,,area: mean time: point,area: areacella,longitude latitude time1 p700,real,,,,,
hus600,mon,1,Specific Humidity,specific_humidity,TIER1,,area: time: mean,area: areacella,longitude latitude time p600,real,,,,,
hus600,day,1,Specific Humidity,specific_humidity,TIER1,,area: time: mean,area: areacella,longitude latitude time p600,real,,,,,
hus600,6hr,1,Specific Humidity,specific_humidity,TIER1,,area: mean time: point,area: areacella,longitude latitude time1 p600,real,,,,,
hus500,mon,1,Specific Humidity,specific_humidity,TIER1,,area: time: mean,area: areacella,longitude latitude time p500,real,,,,,
hus500,day,1,Specific Humidity,specific_humidity,TIER1,,area: time: mean,area: areacella,longitude latitude time p500,real,,,,,
hus500,6hr,1,Specific Humidity,specific_humidity,TIER1,,area: mean time: point,area: areacella,longitude latitude time1 p500,real,,,,,
hus400,mon,1,Specific Humidity,specific_humidity,TIER1,,area: time: mean,area: areacella,longitude latitude time p400,real,,,,,
hus400,day,1,Specific Humidity,specific_humidity,TIER1,,area: time: mean,area: areacella,longitude latitude time p400,real,,,,,
hus400,6hr,1,Specific Humidity,specific_humidity,TIER1,,area: mean time: point,area: areacella,longitude latitude time1 p400,real,,,,,
hus300,mon,1,Specific Humidity,specific_humidity,TIER1,,area: time: mean,area: areacella,longitude latitude time p300,real,,,,,
hus300,day,1,Specific Humidity,specific_humidity,TIER1,,area: time: mean,area: areacella,longitude latitude time p300,real,,,,,
hus300,6hr,1,Specific Humidity,specific_humidity,TIER1,,area: mean time: point,area: areacella,longitude latitude time1 p300,real,,,,,
hus250,mon,1,Specific Humidity,specific_humidity,TIER1,,area: time: mean,area: areacella,longitude latitude time p250,real,,,,,
hus250,day,1,Specific Humidity,specific_humidity,TIER1,,area: time: mean,area: areacella,longitude latitude time p250,real,,,,,
hus250,6hr,1,Specific Humidity,specific_humidity,TIER1,,area: mean time: point,area: areacella,longitude latitude time1 p250,real,,,,,
hus200,mon,1,Specific Humidity,specific_humidity,TIER1,,area: time: mean,area: areacella,longitude latitude time p200,real,,,,,
hus200,day,1,Specific Humidity,specific_humidity,TIER1,,area: time: mean,area: areacella,longitude latitude time p200,real,,,,,
hus200,6hr,1,Specific Humidity,specific_humidity,TIER1,,area: mean time: point,area: areacella,longitude latitude time1 p200,real,,,,,
zg1000,mon,m,Geopotential Height,geopotential_height,TIER1,,area: time: mean,area: areacella,longitude latitude time p1000,real,,,,,
zg1000,day,m,Geopotential Height,geopotential_height,TIER1,,area: time: mean,area: areacella,longitude latitude time p1000,real,,,,,
zg1000,6hr,m,Geopotential Height,geopotential_height,TIER1,,area: mean time: point,area: areacella,longitude latitude time1 p1000,real,,,,,
zg925,mon,m,Geopotential Height,geopotential_height,TIER1,,area: time: mean,area: areacella,longitude latitude time p925,real,,,,,
zg925,day,m,Geopotential Height,geopotential_height,TIER1,,area: time: mean,area: areacella,longitude latitude time p925,real,,,,,
zg925,6hr,m,Geopotential Height,geopotential_height,TIER1,,area: mean time: point,area: areacella,longitude latitude time1 p925,real,,,,,
zg850,mon,m,Geopotential Height,geopotential_height,TIER1,,area: time: mean,area: areacella,longitude latitude time p850,real,,,,,
zg850,day,m,Geopotential Height,geopotential_height,TIER1,,area: time: mean,area: areacella,longitude latitude time p850,real,,,,,
zg850,6hr,m,Geopotential Height,geopotential_height,TIER1,,area: mean time: point,area: areacella,longitude latitude time1 p850,real,,,,,
zg700,mon,m,Geopotential Height,geopotential_height,TIER1,,area: time: mean,area: areacella,longitude latitude time p700,real,,,,,
zg700,day,m,Geopotential Height,geopotential_height,TIER1,,area: time: mean,area: areacella,longitude latitude time p700,real,,,,,
zg700,6hr,m,Geopotential Height,geopotential_height,TIER1,,area: mean time: point,area: areacella,longitude latitude time1 p700,real,,,,,
zg600,mon,m,Geopotential Height,geopotential_height,TIER1,,area: time: mean,area: areacella,longitude latitude time p600,real,,,,,
zg600,day,m,Geopotential Height,geopotential_height,TIER1,,area: time: mean,area: areacella,longitude latitude time p600,real,,,,,
zg600,6hr,m,Geopotential Height,geopotential_height,TIER1,,area: mean time: point,area: areacella,longitude latitude time1 p600,real,,,,,
zg500,mon,m,Geopotential Height,geopotential_height,TIER1,,area: time: mean,area: areacella,longitude latitude time p500,real,,,,,
zg500,day,m,Geopotential Height,geopotential_height,TIER1,,area: time: mean,area: areacella,longitude latitude time p500,real,,,,,
zg500,6hr,m,Geopotential Height,geopotential_height,TIER1,,area: mean time: point,area: areacella,longitude latitude time1 p500,real,,,,,
zg400,mon,m,Geopotential Height,geopotential_height,TIER1,,area: time: mean,area: areacella,longitude latitude time p400,real,,,,,
zg400,day,m,Geopotential Height,geopotential_height,TIER1,,area: time: mean,area: areacella,longitude latitude time p400,real,,,,,
zg400,6hr,m,Geopotential Height,geopotential_height,TIER1,,area: mean time: point,area: areacella,longitude latitude time1 p400,real,,,,,
zg300,mon,m,Geopotential Height,geopotential_height,TIER1,,area: time: mean,area: areacella,longitude latitude time p300,real,,,,,
zg300,day,m,Geopotential Height,geopotential_height,TIER1,,area: time: mean,area: areacella,longitude latitude time p300,real,,,,,
zg300,6hr,m,Geopotential Height,geopotential_height,TIER1,,area: mean time: point,area: areacella,longitude latitude time1 p300,real,,,,,
zg250,mon,m,Geopotential Height,geopotential_height,TIER1,,area: time: mean,area: areacella,longitude latitude time p250,real,,,,,
zg250,day,m,Geopotential Height,geopotential_height,TIER1,,area: time: mean,area: areacella,longitude latitude time p250,real,,,,,
zg250,6hr,m,Geopotential Height,geopotential_height,TIER1,,area: mean time: point,area: areacella,longitude latitude time1 p250,real,,,,,
zg200,mon,m,Geopotential Height,geopotential_height,TIER1,,area: time: mean,area: areacella,longitude latitude time p200,real,,,,,
zg200,day,m,Geopotential Height,geopotential_height,TIER1,,area: time: mean,area: areacella,longitude latitude time p200,real,,,,,
zg200,6hr,m,Geopotential Height,geopotential_height,TIER1,,area: mean time: point,area: areacella,longitude latitude time1 p200,real,,,,,
wa1000,mon,m s-1,Upward Air Velocity,upward_air_velocity,TIER1,,area: time: mean,area: areacella,longitude latitude time p1000,real,,,,,
wa1000,day,m s-1,Upward Air Velocity,upward_air_velocity,TIER1,,area: time: mean,area: areacella,longitude latitude time p1000,real,,,,,
wa1000,6hr,m s-1,Upward Air Velocity,upward_air_velocity,TIER1,,area: mean time: point,area: areacella,longitude latitude time1 p1000,real,,,,,
wa925,mon,m s-1,Upward Air Velocity,upward_air_velocity,TIER1,,area: time: mean,area: areacella,longitude latitude time p925,real,,,,,
wa925,day,m s-1,Upward Air Velocity,upward_air_velocity,TIER1,,area: time: mean,area: areacella,longitude latitude time p925,real,,,,,
wa925,6hr,m s-1,Upward Air Velocity,upward_air_velocity,TIER1,,area: mean time: point,area: areacella,longitude latitude time1 p925,real,,,,,
wa850,mon,m s-1,Upward Air Velocity,upward_air_velocity,TIER1,,area: time: mean,area: areacella,longitude latitude time p850,real,,,,,
wa850,day,m s-1,Upward Air Velocity,upward_air_velocity,TIER1,,area: time: mean,area: areacella,longitude latitude time p850,real,,,,,
wa850,6hr,m s-1,Upward Air Velocity,upward_air_velocity,TIER1,,area: mean time: point,area: areacella,longitude latitude time1 p850,real,,,,,
wa700,mon,m s-1,Upward Air Velocity,upward_air_velocity,TIER1,,area: time: mean,area: areacella,longitude latitude time p700,real,,,,,
wa700,day,m s-1,Upward Air Velocity,upward_air_velocity,TIER1,,area: time: mean,area: areacella,longitude latitude time p700,real,,,,,
wa700,6hr,m s-1,Upward Air Velocity,upward_air_velocity,TIER1,,area: mean time: point,area: areacella,longitude latitude time1 p700,real,,,,,
wa600,mon,m s-1,Upward Air Velocity,upward_air_velocity,TIER1,,area: time: mean,area: areacella,longitude latitude time p600,real,,,,,
wa600,day,m s-1,Upward Air Velocity,upward_air_velocity,TIER1,,area: time: mean,area: areacella,longitude latitude time p600,real,,,,,
wa600,6hr,m s-1,Upward Air Velocity,upward_air_velocity,TIER1,,area: mean time: point,area: areacella,longitude latitude time1 p600,real,,,,,
wa500,mon,m s-1,Upward Air Velocity,upward_air_velocity,TIER1,,area: time: mean,area: areacella,longitude latitude time p500,real,,,,,
wa500,day,m s-1,Upward Air Velocity,upward_air_velocity,TIER1,,area: time: mean,area: areacella,longitude latitude time p500,real,,,,,
wa500,6hr,m s-1,Upward Air Velocity,upward_air_velocity,TIER1,,area: mean time: point,area: areacella,longitude latitude time1 p500,real,,,,,
wa400,mon,m s-1,Upward Air Velocity,upward_air_velocity,TIER1,,area: time: mean,area: areacella,longitude latitude time p400,real,,,,,
wa400,day,m s-1,Upward Air Velocity,upward_air_velocity,TIER1,,area: time: mean,area: areacella,longitude latitude time p400,real,,,,,
wa400,6hr,m s-1,Upward Air Velocity,upward_air_velocity,TIER1,,area: mean time: point,area: areacella,longitude latitude time1 p400,real,,,,,
wa300,mon,m s-1,Upward Air Velocity,upward_air_velocity,TIER1,,area: time: mean,area: areacella,longitude latitude time p300,real,,,,,
wa300,day,m s-1,Upward Air Velocity,upward_air_velocity,TIER1,,area: time: mean,area: areacella,longitude latitude time p300,real,,,,,
wa300,6hr,m s-1,Upward Air Velocity,upward_air_velocity,TIER1,,area: mean time: point,area: areacella,longitude latitude time1 p300,real,,,,,
wa250,mon,m s-1,Upward Air Velocity,upward_air_velocity,TIER1,,area: time: mean,area: areacella,longitude latitude time p250,real,,,,,
wa250,day,m s-1,Upward Air Velocity,upward_air_velocity,TIER1,,area: time: mean,area: areacella,longitude latitude time p250,real,,,,,
wa250,6hr,m s-1,Upward Air Velocity,upward_air_velocity,TIER1,,area: mean time: point,area: areacella,longitude latitude time1 p250,real,,,,,
wa200,mon,m s-1,Upward Air Velocity,upward_air_velocity,TIER1,,area: time: mean,area: areacella,longitude latitude time p200,real,,,,,
wa200,day,m s-1,Upward Air Velocity,upward_air_velocity,TIER1,,area: time: mean,area: areacella,longitude latitude time p200,real,,,,,
wa200,6hr,m s-1,Upward Air Velocity,upward_air_velocity,TIER1,,area: mean time: point,area: areacella,longitude latitude time1 p200,real,,,,,
ua50m,mon,m s-1,Eastward Wind at 50m,eastward_wind,TIER1,,area: time: mean,area: areacella,longitude latitude time height50m,real,,,,,
ua50m,day,m s-1,Eastward Wind at 50m,eastward_wind,TIER1,,area: time: mean,area: areacella,longitude latitude time height50m,real,,,,,
ua50m,1hr,m s-1,Eastward Wind at 50m,eastward_wind,TIER1,,area: mean time: point,area: areacella,longitude latitude time1 height50m,real,,,,,
ua100m,mon,m s-1,Eastward Wind at 100m,eastward_wind,TIER1,,area: time: mean,area: areacella,longitude latitude time height100m,real,,,,,
ua100m,day,m s-1,Eastward Wind at 100m,eastward_wind,TIER1,,area: time: mean,area: areacella,longitude latitude time height100m,real,,,,,
ua100m,1hr,m s-1,Eastward Wind at 100m,eastward_wind,TIER1,,area: mean time: point,area: areacella,longitude latitude time1 height100m,real,,,,,
ua150m,mon,m s-1,Eastward Wind at 150m,eastward_wind,TIER1,,area: time: mean,area: areacella,longitude latitude time height150m,real,,,,,
ua150m,day,m s-1,Eastward Wind at 150m,eastward_wind,TIER1,,area: time: mean,area: areacella,longitude latitude time height150m,real,,,,,
ua150m,1hr,m s-1,Eastward Wind at 150m,eastward_wind,TIER1,,area: mean time: point,area: areacella,longitude latitude time1 height150m,real,,,,,
va50m,mon,m s-1,Northward Wind at 50m,northward_wind,TIER1,,area: time: mean,area: areacella,longitude latitude time height50m,real,,,,,
va50m,day,m s-1,Northward Wind at 50m,northward_wind,TIER1,,area: time: mean,area: areacella,longitude latitude time height50m,real,,,,,
va50m,1hr,m s-1,Northward Wind at 50m,northward_wind,TIER1,,area: mean time: point,area: areacella,longitude latitude time1 height50m,real,,,,,
va100m,mon,m s-1,Northward Wind at 100m,northward_wind,TIER1,,area: time: mean,area: areacella,longitude latitude time height100m,real,,,,,
va100m,day,m s-1,Northward Wind at 100m,northward_wind,TIER1,,area: time: mean,area: areacella,longitude latitude time height100m,real,,,,,
va100m,1hr,m s-1,Northward Wind at 100m,northward_wind,TIER1,,area: mean time: point,area: areacella,longitude latitude time1 height100m,real,,,,,
va150m,mon,m s-1,Northward Wind at 150m,northward_wind,TIER1,,area: time: mean,area: areacella,longitude latitude time height150m,real,,,,,
va150m,day,m s-1,Northward Wind at 150m,northward_wind,TIER1,,area: time: mean,area: areacella,longitude latitude time height150m,real,,,,,
va150m,1hr,m s-1,Northward Wind at 150m,northward_wind,TIER1,,area: mean time: point,area: areacella,longitude latitude time1 height150m,real,,,,,
ta50m,mon,K,Air Temperature at 50m,air_temperature,TIER1,requested for urban modeling,area: time: mean,area: areacella,longitude latitude time height50m,real,,,,,
ta50m,day,K,Air Temperature at 50m,air_temperature,TIER1,requested for urban modeling,area: time: mean,area: areacella,longitude latitude time height50m,real,,,,,
ta50m,1hr,K,Air Temperature at 50m,air_temperature,TIER1,requested for urban modeling,area: mean time: point,area: areacella,longitude latitude time1 height50m,real,,,,,
hus50m,mon,1,Specific Humidity at 50m,specific_humidity,TIER1,requested for urban modeling,area: time: mean,area: areacella,longitude latitude time height50m,real,,,,,
hus50m,day,1,Specific Humidity at 50m,specific_humidity,TIER1,requested for urban modeling,area: time: mean,area: areacella,longitude latitude time height50m,real,,,,,
hus50m,1hr,1,Specific Humidity at 50m,specific_humidity,TIER1,requested for urban modeling,area: mean time: point,area: areacella,longitude latitude time1 height50m,real,,,,,
evspsblpot,mon,kg m-2 s-1,Potential Evapotranspiration,water_potential_evaporation_flux,TIER2,,area: mean where land time: mean,area: areacella,longitude latitude time,real,,,,,
evspsblpot,day,kg m-2 s-1,Potential Evapotranspiration,water_potential_evaporation_flux,TIER2,,area: mean where land time: mean,area: areacella,longitude latitude time,real,,,,,
evspsblpot,1hr,kg m-2 s-1,Potential Evapotranspiration,water_potential_evaporation_flux,TIER2,,area: mean where land time: mean,area: areacella,longitude latitude time,real,,,,,
wsgsmax,mon,m s-1,Daily Maximum Near-Surface Wind Speed of Gust,wind_speed_of_gust,TIER2,,area: mean time: maximum within days time: mean over days,area: areacella,longitude latitude time height10m,real,,,,,
wsgsmax,day,m s-1,Daily Maximum Near-Surface Wind Speed of Gust,wind_speed_of_gust,TIER2,,area: mean time: maximum,area: areacella,longitude latitude time height10m,real,,,,,
clh,mon,%,High Level Cloud Fraction,cloud_area_fraction_in_atmosphere_layer,TIER2,above 440 hPa,area: time: mean,area: areacella,longitude latitude time,real,,,,,
clh,day,%,High Level Cloud Fraction,cloud_area_fraction_in_atmosphere_layer,TIER2,above 440 hPa,area: time: mean,area: areacella,longitude latitude time,real,,,,,
clh,6hr,%,High Level Cloud Fraction,cloud_area_fraction_in_atmosphere_layer,TIER2,above 440 hPa,area: time: mean,area: areacella,longitude latitude time,real,,,,,
clm,mon,%,Mid Level Cloud Fraction,cloud_area_fraction_in_atmosphere_layer,TIER2,between 680 and 440 hPa,area: time: mean,area: areacella,longitude latitude time,real,,,,,
clm,day,%,Mid Level Cloud Fraction,cloud_area_fraction_in_atmosphere_layer,TIER2,between 680 and 440 hPa,area: time: mean,area: areacella,longitude latitude time,real,,,,,
clm,6hr,%,Mid Level Cloud Fraction,cloud_area_fraction_in_atmosphere_layer,TIER2,between 680 and 440 hPa,area: time: mean,area: areacella,longitude latitude time,real,,,,,
cll,mon,%,Low Level Cloud Fraction,cloud_area_fraction_in_atmosphere_layer,TIER2,below 680 hPa,area: time: mean,area: areacella,longitude latitude time,real,,,,,
cll,day,%,Low Level Cloud Fraction,cloud_area_fraction_in_atmosphere_layer,TIER2,below 680 hPa,area: time: mean,area: areacella,longitude latitude time,real,,,,,
cll,6hr,%,Low Level Cloud Fraction,cloud_area_fraction_in_atmosphere_layer,TIER2,below 680 hPa,area: time: mean,area: areacella,longitude latitude time,real,,,,,
rsdscs,mon,W m-2,Surface Downwelling Clear-Sky Shortwave Radiation,surface_downwelling_shortwave_flux_in_air_assuming_clear_sky,TIER2,,area: time: mean,area: areacella,longitude latitude time,real,down,,,,
rsdscs,day,W m-2,Surface Downwelling Clear-Sky Shortwave Radiation,surface_downwelling_shortwave_flux_in_air_assuming_clear_sky,TIER2,,area: time: mean,area: areacella,longitude latitude time,real,down,,,,
rsdscs,6hr,W m-2,Surface Downwelling Clear-Sky Shortwave Radiation,surface_downwelling_shortwave_flux_in_air_assuming_clear_sky,TIER2,,area: time: mean,area: areacella,longitude latitude time,real,down,,,,
rldscs,mon,W m-2,Surface Downwelling Clear-Sky Longwave Radiation,surface_downwelling_longwave_flux_in_air_assuming_clear_sky,TIER2,,area: time: mean,area: areacella,longitude latitude time,real,down,,,,
rldscs,day,W m-2,Surface Downwelling Clear-Sky Longwave Radiation,surface_downwelling_longwave_flux_in_air_assuming_clear_sky,TIER2,,area: time: mean,area: areacella,longitude latitude time,real,down,,,,
rldscs,6hr,W m-2,Surface Downwelling Clear-Sky Longwave Radiation,surface_downwelling_longwave_flux_in_air_assuming_clear_sky,TIER2,,area: time: mean,area: areacella,longitude latitude time,real,down,,,,
rsuscs,mon,W m-2,Surface Upwelling Clear-Sky Shortwave Radiation,surface_upwelling_shortwave_flux_in_air_assuming_clear_sky,TIER2,,area: time: mean,area: areacella,longitude latitude time,real,up,,,,
rsuscs,day,W m-2,Surface Upwelling Clear-Sky Shortwave Radiation,surface_upwelling_shortwave_flux_in_air_assuming_clear_sky,TIER2,,area: time: mean,area: areacella,longitude latitude time,real,up,,,,
rsuscs,6hr,W m-2,Surface Upwelling Clear-Sky Shortwave Radiation,surface_upwelling_shortwave_flux_in_air_assuming_clear_sky,TIER2,,area: time: mean,area: areacella,longitude latitude time,real,up,,,,
rluscs,mon,W m-2,Surface Upwelling Clear-Sky Longwave Radiation,surface_upwelling_longwave_flux_in_air_assuming_clear_sky,TIER2,,area: time: mean,area: areacella,longitude latitude time,real,up,,,,
rluscs,day,W m-2,Surface Upwelling Clear-Sky Longwave Radiation,surface_upwelling_longwave_flux_in_air_assuming_clear_sky,TIER2,,area: time: mean,area: areacella,longitude latitude time,real,up,,,,
rluscs,6hr,W m-2,Surface Upwelling Clear-Sky Longwave Radiation,surface_upwelling_longwave_flux_in_air_assuming_clear_sky,TIER2,,area: time: mean,area: areacella,longitude latitude time,real,up,,,,
rsutcs,mon,W m-2,TOA Outgoing Clear-Sky Shortwave Radiation,toa_outgoing_shortwave_flux_assuming_clear_sky,TIER2,,area: time: mean,area: areacella,longitude latitude time,real,,,,,
rsutcs,day,W m-2,TOA Outgoing Clear-Sky Shortwave Radiation,toa_outgoing_shortwave_flux_assuming_clear_sky,TIER2,,area: time: mean,area: areacella,longitude latitude time,real,,,,,
rsutcs,6hr,W m-2,TOA Outgoing Clear-Sky Shortwave Radiation,toa_outgoing_shortwave_flux_assuming_clear_sky,TIER2,,area: time: mean,area: areacella,longitude latitude time,real,,,,,
rlutcs,mon,W m-2,TOA Outgoing Clear-Sky Longwave Radiation,toa_outgoing_longwave_flux_assuming_clear_sky,TIER2,,area: time: mean,area: areacella,longitude latitude time,real,,,,,
rlutcs,day,W m-2,TOA Outgoing Clear-Sky Longwave Radiation,toa_outgoing_longwave_flux_assuming_clear_sky,TIER2,,area: time: mean,area: areacella,longitude latitude time,real,,,,,
rlutcs,6hr,W m-2,TOA Outgoing Clear-Sky Longwave Radiation,toa_outgoing_longwave_flux_assuming_clear_sky,TIER2,,area: time: mean,area: areacella,longitude latitude time,real,,,,,
z0,mon,m,Surface Roughness Length,surface_roughness_length,TIER2,,area: time: mean,area: areacella,longitude latitude time,real,,,,,
z0,day,m,Surface Roughness Length,surface_roughness_length,TIER2,,area: time: mean,area: areacella,longitude latitude time,real,,,,,
cape,mon,J kg-1,Convective Available Potential Energy,atmosphere_convective_available_potential_energy_wrt_surface,TIER2,,area: time: mean,area: areacella,longitude latitude time,real,,,,,
cape,day,J kg-1,Convective Available Potential Energy,atmosphere_convective_available_potential_energy_wrt_surface,TIER2,,area: time: mean,area: areacella,longitude latitude time,real,,,,,
cape,1hr,J kg-1,Convective Available Potential Energy,atmosphere_convective_available_potential_energy_wrt_surface,TIER2,,area: mean time: point,area: areacella,longitude latitude time1,real,,,,,
li,mon,K,Lifted Index,temperature_difference_between_ambient_air_and_air_lifted_adiabatically_from_the_surface,TIER2,,area: time: mean,area: areacella,longitude latitude time,real,,,,,
li,day,K,Lifted Index,temperature_difference_between_ambient_air_and_air_lifted_adiabatically_from_the_surface,TIER2,,area: time: mean,area: areacella,longitude latitude time,real,,,,,
li,1hr,K,Lifted Index,temperature_difference_between_ambient_air_and_air_lifted_adiabatically_from_the_surface,TIER2,,area: mean time: point,area: areacella,longitude latitude time1,real,,,,,
cin,mon,J kg-1,Convective Inhibition,atmosphere_convective_inhibition_wrt_surface,TIER2,,area: time: mean,area: areacella,longitude latitude time,real,,,,,
cin,day,J kg-1,Convective Inhibition,atmosphere_convective_inhibition_wrt_surface,TIER2,,area: time: mean,area: areacella,longitude latitude time,real,,,,,
cin,1hr,J kg-1,Convective Inhibition,atmosphere_convective_inhibition_wrt_surface,TIER2,,area: mean time: point,area: areacella,longitude latitude time1,real,,,,,
capemax,mon,J kg-1,Daily Maximum Convective Available Potential Energy,atmosphere_convective_available_potential_energy_wrt_surface,TIER2,,area: mean time: maximum within days time: mean over days,area: areacella,longitude latitude time,real,,,,,
capemax,day,J kg-1,Daily Maximum Convective Available Potential Energy,atmosphere_convective_available_potential_energy_wrt_surface,TIER2,,area: mean time: maximum,area: areacella,longitude latitude time,real,,,,,
limax,mon,K,Daily Maximum Lifted Index,temperature_difference_between_ambient_air_and_air_lifted_adiabatically_from_the_surface,TIER2,,area: mean time: maximum within days time: mean over days,area: areacella,longitude latitude time,real,,,,,
limax,day,K,Daily Maximum Lifted Index,temperature_difference_between_ambient_air_and_air_lifted_adiabatically_from_the_surface,TIER2,,area: mean time: maximum,area: areacella,longitude latitude time,real,,,,,
cinmax,mon,J kg-1,Daily Maximum Convective Inhibition,atmosphere_convective_inhibition_wrt_surface,TIER2,,area: mean time: maximum within days time: mean over days,area: areacella,longitude latitude time,real,,,,,
cinmax,day,J kg-1,Daily Maximum Convective Inhibition,atmosphere_convective_inhibition_wrt_surface,TIER2,,area: mean time: maximum,area: areacella,longitude latitude time,real,,,,,
od550aer,mon,1,Ambient Aerosol Optical Thickness at 550nm,atmosphere_optical_thickness_due_to_ambient_aerosol_particles,TIER2,"long_name fixed, 2022.09.22  https://github.com/WCRP-CORDEX/cordex-cmip6-data-request/issues/6",area: time: mean,area: areacella,longitude latitude time,real,,,,,
ua150,mon,m s-1,Eastward Wind,eastward_wind,TIER2,,area: time: mean,area: areacella,longitude latitude time p150,real,,,,,
ua150,day,m s-1,Eastward Wind,eastward_wind,TIER2,,area: time: mean,area: areacella,longitude latitude time p150,real,,,,,
ua150,6hr,m s-1,Eastward Wind,eastward_wind,TIER2,,area: mean time: point,area: areacella,longitude latitude time1 p150,real,,,,,
ua100,mon,m s-1,Eastward Wind,eastward_wind,TIER2,,area: time: mean,area: areacella,longitude latitude time p100,real,,,,,
ua100,day,m s-1,Eastward Wind,eastward_wind,TIER2,,area: time: mean,area: areacella,longitude latitude time p100,real,,,,,
ua100,6hr,m s-1,Eastward Wind,eastward_wind,TIER2,,area: mean time: point,area: areacella,longitude latitude time1 p100,real,,,,,
ua70,mon,m s-1,Eastward Wind,eastward_wind,TIER2,,area: time: mean,area: areacella,longitude latitude time p70,real,,,,,
ua70,day,m s-1,Eastward Wind,eastward_wind,TIER2,,area: time: mean,area: areacella,longitude latitude time p70,real,,,,,
ua70,6hr,m s-1,Eastward Wind,eastward_wind,TIER2,,area: mean time: point,area: areacella,longitude latitude time1 p70,real,,,,,
ua50,mon,m s-1,Eastward Wind,eastward_wind,TIER2,,area: time: mean,area: areacella,longitude latitude time p50,real,,,,,
ua50,day,m s-1,Eastward Wind,eastward_wind,TIER2,,area: time: mean,area: areacella,longitude latitude time p50,real,,,,,
ua50,6hr,m s-1,Eastward Wind,eastward_wind,TIER2,,area: mean time: point,area: areacella,longitude latitude time1 p50,real,,,,,
ua30,mon,m s-1,Eastward Wind,eastward_wind,TIER2,,area: time: mean,area: areacella,longitude latitude time p30,real,,,,,
ua30,day,m s-1,Eastward Wind,eastward_wind,TIER2,,area: time: mean,area: areacella,longitude latitude time p30,real,,,,,
ua30,6hr,m s-1,Eastward Wind,eastward_wind,TIER2,,area: mean time: point,area: areacella,longitude latitude time1 p30,real,,,,,
ua20,mon,m s-1,Eastward Wind,eastward_wind,TIER2,,area: time: mean,area: areacella,longitude latitude time p20,real,,,,,
ua20,day,m s-1,Eastward Wind,eastward_wind,TIER2,,area: time: mean,area: areacella,longitude latitude time p20,real,,,,,
ua20,6hr,m s-1,Eastward Wind,eastward_wind,TIER2,,area: mean time: point,area: areacella,longitude latitude time1 p20,real,,,,,
ua10,mon,m s-1,Eastward Wind,eastward_wind,TIER2,,area: time: mean,area: areacella,longitude latitude time p10,real,,,,,
ua10,day,m s-1,Eastward Wind,eastward_wind,TIER2,,area: time: mean,area: areacella,longitude latitude time p10,real,,,,,
ua10,6hr,m s-1,Eastward Wind,eastward_wind,TIER2,,area: mean time: point,area: areacella,longitude latitude time1 p10,real,,,,,
va150,mon,m s-1,Northward Wind,northward_wind,TIER2,,area: time: mean,area: areacella,longitude latitude time p150,real,,,,,
va150,day,m s-1,Northward Wind,northward_wind,TIER2,,area: time: mean,area: areacella,longitude latitude time p150,real,,,,,
va150,6hr,m s-1,Northward Wind,northward_wind,TIER2,,area: mean time: point,area: areacella,longitude latitude time1 p150,real,,,,,
va100,mon,m s-1,Northward Wind,northward_wind,TIER2,,area: time: mean,area: areacella,longitude latitude time p100,real,,,,,
va100,day,m s-1,Northward Wind,northward_wind,TIER2,,area: time: mean,area: areacella,longitude latitude time p100,real,,,,,
va100,6hr,m s-1,Northward Wind,northward_wind,TIER2,,area: mean time: point,area: areacella,longitude latitude time1 p100,real,,,,,
va70,mon,m s-1,Northward Wind,northward_wind,TIER2,,area: time: mean,area: areacella,longitude latitude time p70,real,,,,,
va70,day,m s-1,Northward Wind,northward_wind,TIER2,,area: time: mean,area: areacella,longitude latitude time p70,real,,,,,
va70,6hr,m s-1,Northward Wind,northward_wind,TIER2,,area: mean time: point,area: areacella,longitude latitude time1 p70,real,,,,,
va50,mon,m s-1,Northward Wind,northward_wind,TIER2,,area: time: mean,area: areacella,longitude latitude time p50,real,,,,,
va50,day,m s-1,Northward Wind,northward_wind,TIER2,,area: time: mean,area: areacella,longitude latitude time p50,real,,,,,
va50,6hr,m s-1,Northward Wind,northward_wind,TIER2,,area: mean time: point,area: areacella,longitude latitude time1 p50,real,,,,,
va30,mon,m s-1,Northward Wind,northward_wind,TIER2,,area: time: mean,area: areacella,longitude latitude time p30,real,,,,,
va30,day,m s-1,Northward Wind,northward_wind,TIER2,,area: time: mean,area: areacella,longitude latitude time p30,real,,,,,
va30,6hr,m s-1,Northward Wind,northward_wind,TIER2,,area: mean time: point,area: areacella,longitude latitude time1 p30,real,,,,,
va20,mon,m s-1,Northward Wind,northward_wind,TIER2,,area: time: mean,area: areacella,longitude latitude time p20,real,,,,,
va20,day,m s-1,Northward Wind,northward_wind,TIER2,,area: time: mean,area: areacella,longitude latitude time p20,real,,,,,
va20,6hr,m s-1,Northward Wind,northward_wind,TIER2,,area: mean time: point,area: areacella,longitude latitude time1 p20,real,,,,,
va10,mon,m s-1,Northward Wind,northward_wind,TIER2,,area: time: mean,area: areacella,longitude latitude time p10,real,,,,,
va10,day,m s-1,Northward Wind,northward_wind,TIER2,,area: time: mean,area: areacella,longitude latitude time p10,real,,,,,
va10,6hr,m s-1,Northward Wind,northward_wind,TIER2,,area: mean time: point,area: areacella,longitude latitude time1 p10,real,,,,,
ta150,mon,K,Air Temperature,air_temperature,TIER2,,area: time: mean,area: areacella,longitude latitude time p150,real,,,,,
ta150,day,K,Air Temperature,air_temperature,TIER2,,area: time: mean,area: areacella,longitude latitude time p150,real,,,,,
ta150,6hr,K,Air Temperature,air_temperature,TIER2,,area: mean time: point,area: areacella,longitude latitude time1 p150,real,,,,,
ta100,mon,K,Air Temperature,air_temperature,TIER2,,area: time: mean,area: areacella,longitude latitude time p100,real,,,,,
ta100,day,K,Air Temperature,air_temperature,TIER2,,area: time: mean,area: areacella,longitude latitude time p100,real,,,,,
ta100,6hr,K,Air Temperature,air_temperature,TIER2,,area: mean time: point,area: areacella,longitude latitude time1 p100,real,,,,,
ta70,mon,K,Air Temperature,air_temperature,TIER2,,area: time: mean,area: areacella,longitude latitude time p70,real,,,,,
ta70,day,K,Air Temperature,air_temperature,TIER2,,area: time: mean,area: areacella,longitude latitude time p70,real,,,,,
ta70,6hr,K,Air Temperature,air_temperature,TIER2,,area: mean time: point,area: areacella,longitude latitude time1 p70,real,,,,,
ta50,mon,K,Air Temperature,air_temperature,TIER2,,area: time: mean,area: areacella,longitude latitude time p50,real,,,,,
ta50,day,K,Air Temperature,air_temperature,TIER2,,area: time: mean,area: areacella,longitude latitude time p50,real,,,,,
ta50,6hr,K,Air Temperature,air_temperature,TIER2,,area: mean time: point,area: areacella,longitude latitude time1 p50,real,,,,,
ta30,mon,K,Air Temperature,air_temperature,TIER2,,area: time: mean,area: areacella,longitude latitude time p30,real,,,,,
ta30,day,K,Air Temperature,air_temperature,TIER2,,area: time: mean,area: areacella,longitude latitude time p30,real,,,,,
ta30,6hr,K,Air Temperature,air_temperature,TIER2,,area: mean time: point,area: areacella,longitude latitude time1 p30,real,,,,,
ta20,mon,K,Air Temperature,air_temperature,TIER2,,area: time: mean,area: areacella,longitude latitude time p20,real,,,,,
ta20,day,K,Air Temperature,air_temperature,TIER2,,area: time: mean,area: areacella,longitude latitude time p20,real,,,,,
ta20,6hr,K,Air Temperature,air_temperature,TIER2,,area: mean time: point,area: areacella,longitude latitude time1 p20,real,,,,,
ta10,mon,K,Air Temperature,air_temperature,TIER2,,area: time: mean,area: areacella,longitude latitude time p10,real,,,,,
ta10,day,K,Air Temperature,air_temperature,TIER2,,area: time: mean,area: areacella,longitude latitude time p10,real,,,,,
ta10,6hr,K,Air Temperature,air_temperature,TIER2,,area: mean time: point,area: areacella,longitude latitude time1 p10,real,,,,,
hus150,mon,1,Specific Humidity,specific_humidity,TIER2,,area: time: mean,area: areacella,longitude latitude time p150,real,,,,,
hus150,day,1,Specific Humidity,specific_humidity,TIER2,,area: time: mean,area: areacella,longitude latitude time p150,real,,,,,
hus150,6hr,1,Specific Humidity,specific_humidity,TIER2,,area: mean time: point,area: areacella,longitude latitude time1 p150,real,,,,,
hus100,mon,1,Specific Humidity,specific_humidity,TIER2,,area: time: mean,area: areacella,longitude latitude time p100,real,,,,,
hus100,day,1,Specific Humidity,specific_humidity,TIER2,,area: time: mean,area: areacella,longitude latitude time p100,real,,,,,
hus100,6hr,1,Specific Humidity,specific_humidity,TIER2,,area: mean time: point,area: areacella,longitude latitude time1 p100,real,,,,,
hus70,mon,1,Specific Humidity,specific_humidity,TIER2,,area: time: mean,area: areacella,longitude latitude time p70,real,,,,,
hus70,day,1,Specific Humidity,specific_humidity,TIER2,,area: time: mean,area: areacella,longitude latitude time p70,real,,,,,
hus70,6hr,1,Specific Humidity,specific_humidity,TIER2,,area: mean time: point,area: areacella,longitude latitude time1 p70,real,,,,,
hus50,mon,1,Specific Humidity,specific_humidity,TIER2,,area: time: mean,area: areacella,longitude latitude time p50,real,,,,,
hus50,day,1,Specific Humidity,specific_humidity,TIER2,,area: time: mean,area: areacella,longitude latitude time p50,real,,,,,
hus50,6hr,1,Specific Humidity,specific_humidity,TIER2,,area: mean time: point,area: areacella,longitude latitude time1 p50,real,,,,,
hus30,mon,1,Specific Humidity,specific_humidity,TIER2,,area: time: mean,area: areacella,longitude latitude time p30,real,,,,,
hus30,day,1,Specific Humidity,specific_humidity,TIER2,,area: time: mean,area: areacella,longitude latitude time p30,real,,,,,
hus30,6hr,1,Specific Humidity,specific_humidity,TIER2,,area: mean time: point,area: areacella,longitude latitude time1 p30,real,,,,,
hus20,mon,1,Specific Humidity,specific_humidity,TIER2,,area: time: mean,area: areacella,longitude latitude time p20,real,,,,,
hus20,day,1,Specific Humidity,specific_humidity,TIER2,,area: time: mean,area: areacella,longitude latitude time p20,real,,,,,
hus20,6hr,1,Specific Humidity,specific_humidity,TIER2,,area: mean time: point,area: areacella,longitude latitude time1 p20,real,,,,,
hus10,mon,1,Specific Humidity,specific_humidity,TIER2,,area: time: mean,area: areacella,longitude latitude time p10,real,,,,,
hus10,day,1,Specific Humidity,specific_humidity,TIER2,,area: time: mean,area: areacella,longitude latitude time p10,real,,,,,
hus10,6hr,1,Specific Humidity,specific_humidity,TIER2,,area: mean time: point,area: areacella,longitude latitude time1 p10,real,,,,,
zg150,mon,m,Geopotential Height,geopotential_height,TIER2,,area: time: mean,area: areacella,longitude latitude time p150,real,,,,,
zg150,day,m,Geopotential Height,geopotential_height,TIER2,,area: time: mean,area: areacella,longitude latitude time p150,real,,,,,
zg150,6hr,m,Geopotential Height,geopotential_height,TIER2,,area: mean time: point,area: areacella,longitude latitude time1 p150,real,,,,,
zg100,mon,m,Geopotential Height,geopotential_height,TIER2,,area: time: mean,area: areacella,longitude latitude time p100,real,,,,,
zg100,day,m,Geopotential Height,geopotential_height,TIER2,,area: time: mean,area: areacella,longitude latitude time p100,real,,,,,
zg100,6hr,m,Geopotential Height,geopotential_height,TIER2,,area: mean time: point,area: areacella,longitude latitude time1 p100,real,,,,,
zg70,mon,m,Geopotential Height,geopotential_height,TIER2,,area: time: mean,area: areacella,longitude latitude time p70,real,,,,,
zg70,day,m,Geopotential Height,geopotential_height,TIER2,,area: time: mean,area: areacella,longitude latitude time p70,real,,,,,
zg70,6hr,m,Geopotential Height,geopotential_height,TIER2,,area: mean time: point,area: areacella,longitude latitude time1 p70,real,,,,,
zg50,mon,m,Geopotential Height,geopotential_height,TIER2,,area: time: mean,area: areacella,longitude latitude time p50,real,,,,,
zg50,day,m,Geopotential Height,geopotential_height,TIER2,,area: time: mean,area: areacella,longitude latitude time p50,real,,,,,
zg50,6hr,m,Geopotential Height,geopotential_height,TIER2,,area: mean time: point,area: areacella,longitude latitude time1 p50,real,,,,,
zg30,mon,m,Geopotential Height,geopotential_height,TIER2,,area: time: mean,area: areacella,longitude latitude time p30,real,,,,,
zg30,day,m,Geopotential Height,geopotential_height,TIER2,,area: time: mean,area: areacella,longitude latitude time p30,real,,,,,
zg30,6hr,m,Geopotential Height,geopotential_height,TIER2,,area: mean time: point,area: areacella,longitude latitude time1 p30,real,,,,,
zg20,mon,m,Geopotential Height,geopotential_height,TIER2,,area: time: mean,area: areacella,longitude latitude time p20,real,,,,,
zg20,day,m,Geopotential Height,geopotential_height,TIER2,,area: time: mean,area: areacella,longitude latitude time p20,real,,,,,
zg20,6hr,m,Geopotential Height,geopotential_height,TIER2,,area: mean time: point,area: areacella,longitude latitude time1 p20,real,,,,,
zg10,mon,m,Geopotential Height,geopotential_height,TIER2,,area: time: mean,area: areacella,longitude latitude time p10,real,,,,,
zg10,day,m,Geopotential Height,geopotential_height,TIER2,,area: time: mean,area: areacella,longitude latitude time p10,real,,,,,
zg10,6hr,m,Geopotential Height,geopotential_height,TIER2,,area: mean time: point,area: areacella,longitude latitude time1 p10,real,,,,,
wa150,mon,m s-1,Upward Air Velocity,upward_air_velocity,TIER2,,area: time: mean,area: areacella,longitude latitude time p150,real,,,,,
wa150,day,m s-1,Upward Air Velocity,upward_air_velocity,TIER2,,area: time: mean,area: areacella,longitude latitude time p150,real,,,,,
wa150,6hr,m s-1,Upward Air Velocity,upward_air_velocity,TIER2,,area: mean time: point,area: areacella,longitude latitude time1 p150,real,,,,,
wa100,mon,m s-1,Upward Air Velocity,upward_air_velocity,TIER2,,area: time: mean,area: areacella,longitude latitude time p100,real,,,,,
wa100,day,m s-1,Upward Air Velocity,upward_air_velocity,TIER2,,area: time: mean,area: areacella,longitude latitude time p100,real,,,,,
wa100,6hr,m s-1,Upward Air Velocity,upward_air_velocity,TIER2,,area: mean time: point,area: areacella,longitude latitude time1 p100,real,,,,,
wa70,mon,m s-1,Upward Air Velocity,upward_air_velocity,TIER2,,area: time: mean,area: areacella,longitude latitude time p70,real,,,,,
wa70,day,m s-1,Upward Air Velocity,upward_air_velocity,TIER2,,area: time: mean,area: areacella,longitude latitude time p70,real,,,,,
wa70,6hr,m s-1,Upward Air Velocity,upward_air_velocity,TIER2,,area: mean time: point,area: areacella,longitude latitude time1 p70,real,,,,,
wa50,mon,m s-1,Upward Air Velocity,upward_air_velocity,TIER2,,area: time: mean,area: areacella,longitude latitude time p50,real,,,,,
wa50,day,m s-1,Upward Air Velocity,upward_air_velocity,TIER2,,area: time: mean,area: areacella,longitude latitude time p50,real,,,,,
wa50,6hr,m s-1,Upward Air Velocity,upward_air_velocity,TIER2,,area: mean time: point,area: areacella,longitude latitude time1 p50,real,,,,,
wa30,mon,m s-1,Upward Air Velocity,upward_air_velocity,TIER2,,area: time: mean,area: areacella,longitude latitude time p30,real,,,,,
wa30,day,m s-1,Upward Air Velocity,upward_air_velocity,TIER2,,area: time: mean,area: areacella,longitude latitude time p30,real,,,,,
wa30,6hr,m s-1,Upward Air Velocity,upward_air_velocity,TIER2,,area: mean time: point,area: areacella,longitude latitude time1 p30,real,,,,,
wa20,mon,m s-1,Upward Air Velocity,upward_air_velocity,TIER2,,area: time: mean,area: areacella,longitude latitude time p20,real,,,,,
wa20,day,m s-1,Upward Air Velocity,upward_air_velocity,TIER2,,area: time: mean,area: areacella,longitude latitude time p20,real,,,,,
wa20,6hr,m s-1,Upward Air Velocity,upward_air_velocity,TIER2,,area: mean time: point,area: areacella,longitude latitude time1 p20,real,,,,,
wa10,mon,m s-1,Upward Air Velocity,upward_air_velocity,TIER2,,area: time: mean,area: areacella,longitude latitude time p10,real,,,,,
wa10,day,m s-1,Upward Air Velocity,upward_air_velocity,TIER2,,area: time: mean,area: areacella,longitude latitude time p10,real,,,,,
wa10,6hr,m s-1,Upward Air Velocity,upward_air_velocity,TIER2,,area: mean time: point,area: areacella,longitude latitude time1 p10,real,,,,,
ua750,mon,m s-1,Eastward Wind,eastward_wind,TIER2,requested by CORDEX-Africa,area: time: mean,area: areacella,longitude latitude time p750,real,,,,,
ua750,day,m s-1,Eastward Wind,eastward_wind,TIER2,requested by CORDEX-Africa,area: time: mean,area: areacella,longitude latitude time p750,real,,,,,
ua750,6hr,m s-1,Eastward Wind,eastward_wind,TIER2,requested by CORDEX-Africa,area: mean time: point,area: areacella,longitude latitude time1 p750,real,,,,,
va750,mon,m s-1,Northward Wind,northward_wind,TIER2,requested by CORDEX-Africa,area: time: mean,area: areacella,longitude latitude time p750,real,,,,,
va750,day,m s-1,Northward Wind,northward_wind,TIER2,requested by CORDEX-Africa,area: time: mean,area: areacella,longitude latitude time p750,real,,,,,
va750,6hr,m s-1,Northward Wind,northward_wind,TIER2,requested by CORDEX-Africa,area: mean time: point,area: areacella,longitude latitude time1 p750,real,,,,,
ta750,mon,K,Air Temperature,air_temperature,TIER2,requested by CORDEX-Africa,area: time: mean,area: areacella,longitude latitude time p750,real,,,,,
ta750,day,K,Air Temperature,air_temperature,TIER2,requested by CORDEX-Africa,area: time: mean,area: areacella,longitude latitude time p750,real,,,,,
ta750,6hr,K,Air Temperature,air_temperature,TIER2,requested by CORDEX-Africa,area: mean time: point,area: areacella,longitude latitude time1 p750,real,,,,,
hus750,mon,1,Specific Humidity,specific_humidity,TIER2,requested by CORDEX-Africa,area: time: mean,area: areacella,longitude latitude time p750,real,,,,,
hus750,day,1,Specific Humidity,specific_humidity,TIER2,requested by CORDEX-Africa,area: time: mean,area: areacella,longitude latitude time p750,real,,,,,
hus750,6hr,1,Specific Humidity,specific_humidity,TIER2,requested by CORDEX-Africa,area: mean time: point,area: areacella,longitude latitude time1 p750,real,,,,,
zg750,mon,m,Geopotential Height,geopotential_height,TIER2,requested by CORDEX-Africa,area: time: mean,area: areacella,longitude latitude time p750,real,,,,,
zg750,day,m,Geopotential Height,geopotential_height,TIER2,requested by CORDEX-Africa,area: time: mean,area: areacella,longitude latitude time p750,real,,,,,
zg750,6hr,m,Geopotential Height,geopotential_height,TIER2,requested by CORDEX-Africa,area: mean time: point,area: areacella,longitude latitude time1 p750,real,,,,,
wa750,mon,m s-1,Upward Air Velocity,upward_air_velocity,TIER2,requested by CORDEX-Africa,area: time: mean,area: areacella,longitude latitude time p750,real,,,,,
wa750,day,m s-1,Upward Air Velocity,upward_air_velocity,TIER2,requested by CORDEX-Africa,area: time: mean,area: areacella,longitude latitude time p750,real,,,,,
wa750,6hr,m s-1,Upward Air Velocity,upward_air_velocity,TIER2,requested by CORDEX-Africa,area: mean time: point,area: areacella,longitude latitude time1 p750,real,,,,,
ua200m,mon,m s-1,Eastward Wind at 200m,eastward_wind,TIER2,,area: time: mean,area: areacella,longitude latitude time height200m,real,,,,,
ua200m,day,m s-1,Eastward Wind at 200m,eastward_wind,TIER2,,area: time: mean,area: areacella,longitude latitude time height200m,real,,,,,
ua200m,1hr,m s-1,Eastward Wind at 200m,eastward_wind,TIER2,,area: mean time: point,area: areacella,longitude latitude time1 height200m,real,,,,,
ua250m,mon,m s-1,Eastward Wind at 250m,eastward_wind,TIER2,,area: time: mean,area: areacella,longitude latitude time height250m,real,,,,,
ua250m,day,m s-1,Eastward Wind at 250m,eastward_wind,TIER2,,area: time: mean,area: areacella,longitude latitude time height250m,real,,,,,
ua250m,1hr,m s-1,Eastward Wind at 250m,eastward_wind,TIER2,,area: mean time: point,area: areacella,longitude latitude time1 height250m,real,,,,,
ua300m,mon,m s-1,Eastward Wind at 250m,eastward_wind,TIER2,,area: time: mean,area: areacella,longitude latitude time height300m,real,,,,,
ua300m,day,m s-1,Eastward Wind at 250m,eastward_wind,TIER2,,area: time: mean,area: areacella,longitude latitude time height300m,real,,,,,
ua300m,1hr,m s-1,Eastward Wind at 250m,eastward_wind,TIER2,,area: mean time: point,area: areacella,longitude latitude time1 height300m,real,,,,,
va200m,mon,m s-1,Northward Wind at 200m,northward_wind,TIER1,,area: time: mean,area: areacella,longitude latitude time height200m,real,,,,,
va200m,day,m s-1,Northward Wind at 200m,northward_wind,TIER1,,area: time: mean,area: areacella,longitude latitude time height200m,real,,,,,
va200m,1hr,m s-1,Northward Wind at 200m,northward_wind,TIER1,,area: mean time: point,area: areacella,longitude latitude time1 height200m,real,,,,,
va250m,mon,m s-1,Northward Wind at 250m,northward_wind,TIER1,,area: time: mean,area: areacella,longitude latitude time height250m,real,,,,,
va250m,day,m s-1,Northward Wind at 250m,northward_wind,TIER1,,area: time: mean,area: areacella,longitude latitude time height250m,real,,,,,
va250m,1hr,m s-1,Northward Wind at 250m,northward_wind,TIER1,,area: mean time: point,area: areacella,longitude latitude time1 height250m,real,,,,,
va300m,mon,m s-1,Northward Wind at 350m,northward_wind,TIER1,,area: time: mean,area: areacella,longitude latitude time height300m,real,,,,,
va300m,day,m s-1,Northward Wind at 350m,northward_wind,TIER1,,area: time: mean,area: areacella,longitude latitude time height300m,real,,,,,
va300m,1hr,m s-1,Northward Wind at 350m,northward_wind,TIER1,,area: mean time: point,area: areacella,longitude latitude time1 height300m,real,,,,,
sftgif,fx,%,Percentage of the Grid Cell Covered by Glacier,land_ice_area_fraction,TIER2,,area: mean,area: areacella,longitude latitude,real,,,,,
mrsofc,fx,kg m-2,Capacity of Soil to Store Water  (Field Capacity),soil_moisture_content_at_field_capacity,TIER2,,area: mean where land,area: areacella,longitude latitude,real,,,,,
rootd,fx,m,Maximum Root Depth,root_depth,TIER2,,area: mean,area: areacella,longitude latitude,real,,,,,
sftlaf,fx,%,Percentage of the Grid Cell Occupied by Lake,area_fraction,TIER2,not in CMIP or in CF,area: mean where fresh_free_water,area: areacella,longitude latitude,real,,,,,
sfturf,fx,%,Percentage of the Grid Cell Occupied by Urban Area,area_fraction,TIER2,not in CMIP or in CF,area: mean where urban,area: areacella,longitude latitude,real,,,,,
dtb,fx,m,Depth to Bedrock,bedrock_depth_below_ground_level,TIER2,not in CMIP or in CF (lower boundary of land surface models),area: mean,area: areacella,longitude latitude,real,,,,,
areacella,fx,m2,Atmosphere Grid-Cell Area,cell_area,TIER2,,area: sum,area: areacella,longitude latitude,real,,,,,
